label,bw,outcome,beta,se,pval,r2,n,mult
전체,1,log_daily,0.6476728010136813,0.027265820744220515,9.985557589835786e-125,0.01805596082291805,49122,1.9110881674626676
전체,2,log_daily,0.6821631450210031,0.03540318034040499,9.892080925973085e-83,0.015931852134979163,74167,1.9781521374314233
