label,bw,outcome,beta,se,pval,r2,n,mult
전체,1,log_daily,0.6476728010136444,0.027265820744218294,9.985557589697045e-125,0.01805596082291694,49122,1.9110881674625972
전체,2,log_daily,0.6821631450209966,0.03540318034041009,9.892080926538582e-83,0.015931852134979385,74167,1.9781521374314104
