label,bw,outcome,beta,se,pval,r2,n,mult
전체,1,log_daily,0.6476728010136852,0.02726582074422289,9.985557590294092e-125,0.01805596082291505,49122,1.9110881674626752
전체,2,log_daily,0.6821631450211326,0.035403180340410824,9.892080925880904e-83,0.015931852134979163,74167,1.9781521374316795
