label,bw,outcome,beta,se,pval,r2,n,mult
전체,1,log_daily,0.647672801013637,0.027265820744218065,9.985557589714671e-125,0.01805596082291716,49122,1.911088167462583
전체,2,log_daily,0.6821631450210627,0.03540318034039413,9.892080924522128e-83,0.01593185213497883,74167,1.9781521374315412
