model,var,beta,se,t,p,n
pooled,d_amp_z,0.04416356674606252,0.08900015917608824,0.49621896359403356,0.6206044592105473,128
+fld_FE,d_amp_z,0.04416356674606251,0.09398030155136679,0.46992365439393746,0.6393151869702169,128
+fld+year_FE,d_amp_z,0.020597911075140946,0.10136800377606676,0.2031993361598008,0.8393762682916655,128
