model,var,beta,se,t,p,n
pooled,d_amp_z,-0.015820826564158525,0.11109720324466614,-0.14240526405796894,0.8871135322556953,83
+fld_FE,d_amp_z,-0.015820826564158525,0.1178363786777453,-0.13426097052273436,0.8935708123255757,83
+fld+year_FE,d_amp_z,-0.08021594138121946,0.12888211410828912,-0.6223977775055781,0.535926638717751,83
