model,var,beta,se,t,p,n
pooled,d_amp_z,0.12983381176600833,0.2862317039456391,0.4535968936224698,0.6582127252752361,14
+fld_FE,d_amp_z,0.12983381176600833,0.31355112184833406,0.41407541775216317,0.687560303640538,14
+fld+year_FE,d_amp_z,0.20082203720804964,0.4127226560388733,0.48657866068087796,0.6438190306586065,14
