model,var,beta,se,t,p,n
pooled,d_amp_z,0.07497250207834921,0.10022092287467935,0.7480723578259015,0.4561899161560914,101
+fld_FE,d_amp_z,0.07497250207834921,0.10630034127218961,0.7052893827158727,0.4824928918616198,101
+fld+year_FE,d_amp_z,-0.01909578525973943,0.11254098703019831,-0.16967849459695447,0.8656967407051175,101
