model,var,beta,se,t,p,n
pooled,d_amp_z,-0.07144032044403832,0.1256662398026614,-0.5684925446661239,0.5717215041464634,65
+fld_FE,d_amp_z,-0.07144032044403832,0.13328917549601504,-0.5359799111832166,0.5940950502258833,65
+fld+year_FE,d_amp_z,-0.1465853048252228,0.14996892752338317,-0.9774378415980017,0.3333568742821533,65
