model,var,beta,se,t,p,n
pooled,d_amp_z,0.029327867884423785,0.10595419044218367,0.2767976213307694,0.7825773399892377,91
+fld_FE,d_amp_z,0.029327867884423785,0.11246039257946192,0.2607839721322455,0.7949376941057369,91
+fld+year_FE,d_amp_z,-0.05591205385071514,0.12216252619743986,-0.45768580260324443,0.6485956865908484,91
