model,var,beta,se,t,p,n
pooled,d_amp_z,-0.0019309119987883662,0.1178509086147907,-0.016384362424389745,0.9869730727228667,74
+fld_FE,d_amp_z,-0.001930911998788366,0.12499976497577191,-0.015447325034272066,0.9877233631018092,74
+fld+year_FE,d_amp_z,-0.07252817883514169,0.14036078969678206,-0.5167267795502043,0.6074185541480026,74
