model,var,beta,se,t,p,n
pooled,d_amp_z,0.037278383120211665,0.08938054879946418,0.41707489628252475,0.6773390374249459,127
+fld_FE,d_amp_z,0.03727838312021167,0.09484982501808337,0.39302532306311005,0.6950545804570893,127
+fld+year_FE,d_amp_z,-0.0594412593067467,0.09976919522385537,-0.5957876995336729,0.5526368105201178,127
