OFFC_NM,fld_outcome,metric,fld_weight,n_year,corr_levels,corr_diff
보건복지부,사회복지,wealth_gini,0.5238095238095238,6,0.287495039638297,-0.6551088143420668
보건복지부,보건,life_expectancy,0.47619047619047616,5,0.5404326788906472,0.70718350581961
산업통상자원부,산업·중소기업및에너지,industry_production_index,0.9838709677419355,6,0.5471176227225883,0.6983613170447152
식품의약품안전처,보건,life_expectancy,0.9629629629629629,5,0.48532654096065025,0.5735317994100333
