fld,outcome,n_diff,obs_corr_diff,null_mean,null_std,pval_2sided
산업·중소기업및에너지,industry_production_index,5,0.697736911124566,-0.023139910338310317,0.49874568416968695,0.16183816183816183
사회복지,wealth_gini,5,-0.7686419795153617,0.03584081562751837,0.5020657773039137,0.16883116883116883
보건,life_expectancy,4,0.5705972065284364,-0.01675791767061371,0.5933140922756982,0.5234765234765235
