model,r2,n,delta_r2
A_base,0.005620873889098821,101,0.005620873889098821
B_field_FE,0.005620873889098821,101,0.0
C_field_FE+archetype_xamp,0.09075859374569117,101,0.08513771985659235
